<?xml version="1.0"?>
<!DOCTYPE hibernate-mapping PUBLIC
    "-//Hibernate/Hibernate Mapping DTD 2.0//EN"
    "http://hibernate.sourceforge.net/hibernate-mapping-2.0.dtd" >
    
<hibernate-mapping>
<!-- 
    Created by the Middlegen Hibernate plugin 2.1

    http://boss.bekk.no/boss/middlegen/
    http://www.hibernate.org/
-->

<class 
    name="gov.nih.nci.security.dao.hibernate.ProtectionGroupProtectionElement" 
    table="CSM_PG_PE"
>
    <meta attribute="class-description" inherit="false">
       @hibernate.class
        table="CSM_PG_PE"
    </meta>

    <id
        name="protectionGroupProtectionElementId"
        type="java.lang.Long"
        column="PG_PE_ID"
        unsaved-value="null"
       >
        <generator class="native">
		 <param name="sequence">CSM_PG_PE_PG_PE_ID_SEQ</param>
	 </generator>
    </id>

    <property
        name="updateDate"
        type="java.sql.Date"
        column="UPDATE_DATE"
        not-null="true"
        length="10"
    >
        
    </property>

    <!-- Associations -->
  
    <!-- bi-directional many-to-one association to ProtectionElement -->
    <many-to-one
        name="protectionElement"
        class="gov.nih.nci.security.authorization.domainobjects.ProtectionElement"
        not-null="true"
    >
        
        <column name="PROTECTION_ELEMENT_ID" />
    </many-to-one>
    <!-- bi-directional many-to-one association to ProtectionGroup -->
    <many-to-one
        name="protectionGroup"
        class="gov.nih.nci.security.authorization.domainobjects.ProtectionGroup"
        not-null="true"
    >
        
        <column name="PROTECTION_GROUP_ID" />
    </many-to-one>

</class>
</hibernate-mapping>
